SampleID,rs12913832,rs1129038,rs7495174,rs916977,rs1667394,rs7170852,rs1800407,rs12896399,rs1393350,rs4959270,IrisColor
S1,2,1,2,2,1,2,1,1,0,1,0
S2,0,1,2,2,0,1,1,2,1,0,0
S3,2,2,2,0,0,1,2,2,1,0,2
S4,2,1,2,0,2,2,2,0,0,1,0
S5,0,0,0,0,0,1,2,2,0,0,2
S6,0,0,2,1,2,2,1,1,2,2,0
S7,2,0,1,0,2,1,1,2,2,0,0
S8,1,2,1,2,1,2,1,0,0,2,0
S9,2,1,2,0,1,2,2,0,0,0,0
S10,2,0,2,2,1,1,1,1,0,1,2
S11,2,2,1,1,2,0,0,1,1,0,0
S12,2,1,1,2,1,1,0,2,1,0,2
S13,0,2,0,2,0,2,1,2,1,0,2
S14,2,0,1,0,0,0,0,0,0,1,1
S15,1,0,1,0,2,1,0,1,2,0,2
S16,0,0,2,2,2,1,2,1,0,1,0
S17,1,2,1,0,1,1,1,1,1,2,0
S18,1,2,0,1,2,0,1,2,1,0,2
S19,1,0,1,1,2,2,2,1,0,1,0
S20,1,2,2,0,0,1,0,0,0,1,1
S21,0,0,2,1,0,1,0,0,1,0,0
S22,0,0,1,0,1,1,1,2,1,2,1
S23,1,1,2,2,2,1,0,2,1,1,2
S24,1,2,0,2,2,1,2,1,0,0,2
S25,0,0,0,1,0,2,2,2,1,2,2
S26,0,0,1,0,2,2,1,0,1,1,2
S27,0,2,1,0,0,1,2,1,2,1,1
S28,2,1,1,1,1,0,2,0,0,2,1
S29,2,1,2,2,0,2,1,1,2,2,0
S30,2,0,0,1,2,0,2,2,2,0,0
S31,1,2,0,2,1,2,2,1,1,0,1
S32,2,1,2,0,0,1,2,1,0,1,2
S33,1,2,0,2,0,2,0,0,1,2,0
S34,1,2,1,1,1,1,1,0,0,2,1
S35,2,0,1,0,1,2,1,1,2,2,1
S36,1,1,1,1,0,1,1,2,0,1,2
S37,2,0,0,1,2,1,0,2,1,2,2
S38,2,1,1,2,0,1,0,0,1,2,0
S39,0,1,2,1,1,1,1,2,1,1,1
S40,2,1,2,2,0,0,0,0,0,0,2
S41,0,1,0,0,1,1,1,2,2,0,1
S42,2,1,2,2,1,0,0,1,2,1,0
S43,2,2,2,0,2,0,2,0,0,2,2
S44,0,0,0,2,1,1,2,0,1,1,2
S45,0,2,1,1,1,0,1,1,2,0,0
S46,2,1,1,2,2,2,0,0,1,0,2
S47,1,0,1,2,1,1,0,2,0,1,2
S48,0,1,0,0,2,0,2,2,1,1,1
S49,1,0,2,1,2,1,2,0,2,0,2
S50,1,2,1,2,1,1,0,2,2,1,2
S51,1,0,1,1,1,1,0,0,1,0,2
S52,0,0,0,2,0,0,0,1,0,1,2
S53,1,0,1,2,2,2,0,0,1,1,0
S54,0,0,0,1,0,2,0,1,0,1,0
S55,1,0,2,2,1,0,0,2,1,0,1
S56,2,1,0,1,0,1,1,1,2,1,0
S57,2,0,0,2,2,0,0,2,0,0,0
S58,0,0,0,0,0,0,2,0,0,0,2
S59,2,2,0,1,2,0,1,2,0,1,2
S60,2,0,2,2,1,1,0,0,2,1,2
S61,1,2,2,2,1,0,2,0,1,0,2
S62,0,1,1,0,2,1,1,1,2,0,2
S63,1,0,2,1,1,0,2,1,0,2,0
S64,1,2,2,2,1,2,0,1,1,0,0
S65,1,2,1,0,1,0,0,1,2,2,1
S66,1,1,2,2,1,0,0,2,0,2,2
S67,1,0,0,1,2,2,0,2,0,2,0
S68,1,0,0,2,0,1,1,2,2,1,2
S69,1,2,1,2,0,1,1,0,2,1,0
S70,0,0,1,2,1,0,2,2,2,0,2
S71,2,2,1,2,0,2,0,2,0,2,2
S72,1,0,0,0,0,1,2,2,2,1,2
S73,1,2,2,0,1,0,1,1,0,1,2
S74,1,0,0,1,1,2,0,2,2,1,2
S75,1,1,1,0,0,1,0,0,0,1,2
S76,1,0,2,0,2,1,1,1,0,1,2
S77,1,0,2,1,1,2,1,0,1,2,2
S78,2,1,0,0,2,2,1,2,2,2,2
S79,2,0,1,0,0,2,1,1,2,2,0
S80,1,1,0,1,1,2,1,0,0,2,1
S81,2,0,2,1,2,0,0,2,0,0,1
S82,0,2,0,1,1,2,1,0,0,2,0
S83,1,2,0,2,0,1,0,0,1,1,0
S84,0,0,1,2,2,1,0,0,1,2,2
S85,0,0,1,1,0,0,1,2,0,0,2
S86,1,0,2,1,0,1,1,2,2,1,2
S87,2,2,0,1,1,1,0,0,2,2,0
S88,0,0,0,2,2,2,1,1,1,2,0
S89,1,2,0,2,0,1,1,1,1,2,0
S90,0,1,2,0,0,0,1,2,0,1,0
S91,0,2,2,0,2,2,2,2,2,1,0
S92,0,2,1,1,0,2,0,2,0,0,0
S93,0,1,1,2,0,0,2,2,1,1,2
S94,2,2,1,2,2,2,1,2,2,1,2
S95,0,0,0,2,2,2,2,1,2,2,0
S96,0,0,0,1,2,0,1,2,1,1,0
S97,0,2,1,0,2,2,2,0,0,2,1
S98,2,0,0,1,1,0,1,0,0,2,0
S99,0,2,1,0,2,0,2,1,2,1,2
S100,0,0,2,0,1,1,2,0,1,0,0
S101,2,0,1,1,1,1,2,1,2,0,0
S102,2,2,2,0,1,2,0,1,1,1,0
S103,2,0,0,0,0,2,2,0,0,0,0
S104,0,2,1,2,1,0,0,2,1,2,2
S105,2,0,0,0,1,2,1,0,0,2,2
S106,2,0,2,1,0,0,2,0,1,1,2
S107,0,1,2,1,0,0,1,1,2,0,0
S108,2,1,2,0,0,2,1,0,0,0,1
S109,0,2,0,2,2,0,2,1,2,2,1
S110,1,1,0,2,0,1,0,2,2,1,2
S111,2,2,0,0,0,2,2,2,0,0,0
S112,1,1,0,0,1,1,1,2,0,1,0
S113,0,0,2,1,0,2,1,0,2,0,2
S114,2,2,2,0,2,0,2,1,2,2,2
S115,0,2,1,2,0,2,0,2,2,2,1
S116,1,0,1,0,2,1,0,1,2,1,0
S117,0,2,0,1,0,0,1,1,0,2,1
S118,2,2,2,1,0,2,1,2,0,0,2
S119,2,1,2,1,0,2,0,2,2,2,1
S120,1,2,2,1,0,2,2,1,1,1,2
S121,0,0,1,1,2,1,1,2,1,1,1
S122,2,1,1,0,2,1,0,1,0,1,2
S123,1,1,2,0,1,2,1,1,2,0,2
S124,2,0,2,0,2,0,2,2,2,0,0
S125,2,0,2,0,0,0,0,0,0,0,2
S126,0,1,1,1,1,1,1,2,1,0,0
S127,2,2,2,2,1,0,2,0,1,0,2
S128,0,1,2,0,1,1,1,1,1,2,2
S129,2,0,0,2,0,2,2,1,0,0,0
S130,1,1,0,0,2,1,2,0,1,0,2
S131,2,0,1,0,0,1,0,1,0,2,2
S132,0,1,2,2,1,2,2,0,0,0,0
S133,0,2,2,1,0,0,1,0,2,1,1
S134,1,1,0,0,0,1,2,1,1,0,2
S135,2,1,1,0,2,1,2,0,0,0,2
S136,2,0,0,0,2,2,0,2,1,1,0
S137,1,0,0,2,1,0,2,2,1,1,0
S138,2,0,0,1,0,1,2,1,2,1,0
S139,2,1,0,2,0,2,1,1,1,1,1
S140,0,2,2,2,2,1,0,0,2,0,1
S141,2,0,2,1,0,2,0,0,0,1,2
S142,2,0,0,2,0,0,0,0,1,1,0
S143,1,1,1,1,0,0,2,0,0,2,2
S144,1,0,1,0,2,0,0,2,1,1,0
S145,0,2,1,1,1,0,2,2,0,1,0
S146,2,2,1,0,1,1,2,1,1,2,1
S147,2,0,0,2,0,1,1,0,1,2,1
S148,2,0,2,2,1,0,1,0,1,0,2
S149,0,1,1,0,2,0,1,1,1,2,2
S150,0,2,0,2,2,0,1,0,1,0,2
S151,1,2,1,1,1,1,1,0,1,2,2
S152,0,0,1,0,1,0,2,0,1,2,2
S153,2,1,0,2,0,0,2,0,1,0,1
S154,2,2,2,0,1,0,0,0,1,2,2
S155,0,2,2,1,0,2,2,1,0,0,2
S156,2,1,0,1,0,0,2,0,2,2,0
S157,2,1,2,2,2,2,1,1,1,1,2
S158,0,2,0,1,2,2,2,0,2,2,0
S159,0,2,0,0,2,0,1,2,1,0,1
S160,2,1,0,1,2,2,0,2,1,2,2
S161,2,2,2,0,1,0,0,2,0,0,0
S162,2,0,0,0,2,1,2,2,0,0,0
S163,1,0,1,1,1,1,0,1,2,1,2
S164,1,1,2,2,2,1,2,1,0,1,2
S165,1,1,2,1,1,1,0,0,0,0,0
S166,0,1,2,0,0,2,1,2,2,2,2
S167,1,0,2,0,1,0,1,1,0,0,1
S168,0,2,1,1,1,0,1,0,1,0,1
S169,0,0,2,2,2,0,1,0,2,2,2
S170,1,2,2,2,1,1,2,1,2,2,2
S171,1,0,0,0,0,1,0,2,1,2,0
S172,1,2,2,0,0,0,2,0,0,2,2
S173,2,0,1,2,2,1,1,2,2,0,2
S174,1,1,1,1,0,0,2,2,2,0,0
S175,2,0,1,0,1,0,0,2,1,1,0
S176,0,2,1,0,0,0,2,0,1,0,0
S177,2,0,2,2,2,0,0,2,0,2,2
S178,1,0,2,1,1,0,2,0,2,1,2
S179,0,0,1,2,2,0,0,2,0,2,2
S180,0,1,1,1,1,0,0,0,0,0,2
S181,0,0,2,1,0,1,1,2,1,1,2
S182,2,1,1,1,2,0,0,1,2,2,0
S183,1,1,0,0,2,0,1,2,2,1,0
S184,0,0,1,2,1,1,1,2,2,1,0
S185,0,0,1,2,2,1,1,0,1,0,0
S186,0,0,0,1,1,1,2,0,1,2,2
S187,2,2,0,0,1,0,2,2,1,1,2
S188,2,0,2,0,1,2,2,1,1,1,0
S189,1,1,2,2,1,2,2,1,1,2,1
S190,2,0,0,0,0,1,0,0,2,1,2
S191,0,2,0,0,1,2,0,1,0,1,0
S192,1,0,2,1,2,1,2,2,2,1,0
S193,0,2,1,0,0,0,0,0,0,2,1
S194,0,2,0,1,2,2,0,2,1,2,0
S195,2,0,2,2,0,0,1,0,0,2,2
S196,1,1,1,0,1,2,1,0,2,2,0
S197,2,2,0,2,0,0,1,0,2,0,0
S198,2,0,1,2,0,2,1,0,0,1,1
S199,1,0,2,0,2,0,0,1,1,2,2
S200,0,1,0,0,2,0,2,2,1,1,0
S201,0,2,1,2,1,2,0,2,2,1,0
S202,1,2,0,0,0,0,0,2,0,0,0
S203,0,0,1,1,0,0,0,0,1,2,0
S204,1,0,2,1,0,0,1,1,1,2,0
S205,1,1,2,0,1,2,1,2,2,1,2
S206,2,1,0,2,1,2,1,1,1,2,0
S207,1,2,1,0,1,0,2,0,0,1,0
S208,2,2,0,0,1,0,0,2,2,1,2
S209,0,0,0,2,1,2,2,1,2,0,0
S210,0,2,1,2,2,2,1,0,0,0,0
S211,0,1,1,1,0,0,2,1,2,0,0
S212,0,1,1,2,0,0,0,2,1,1,2
S213,2,0,2,1,0,0,0,2,1,2,0
S214,0,1,0,2,0,1,1,0,0,0,2
S215,1,1,0,0,0,2,1,0,1,2,2
S216,1,1,2,1,0,1,2,0,0,0,0
S217,1,1,1,1,0,2,1,1,0,0,2
S218,2,0,2,1,0,2,1,1,1,1,0
S219,0,0,2,0,2,2,0,1,0,0,0
S220,0,2,2,0,0,2,1,0,1,0,2
S221,0,1,0,0,2,2,1,2,2,1,2
S222,2,2,2,0,1,2,0,2,2,2,2
S223,1,0,0,0,0,2,0,1,0,0,0
S224,1,0,0,1,1,1,2,1,1,1,1
S225,0,0,0,0,1,0,1,2,1,0,2
S226,1,0,1,1,1,0,0,2,2,1,0
S227,1,0,0,0,2,1,2,1,2,2,0
S228,2,0,0,2,1,1,2,1,1,2,0
S229,2,0,1,1,1,1,1,2,0,1,0
S230,2,1,0,2,1,1,1,0,2,1,2
S231,2,2,2,1,0,2,2,1,0,1,0
S232,0,0,2,2,0,0,0,2,0,2,2
S233,2,1,0,0,2,2,2,2,2,0,0
S234,1,1,1,0,2,0,1,2,0,2,2
S235,0,2,2,0,0,0,0,2,0,1,0
S236,1,0,1,1,2,1,0,0,1,1,0
S237,1,2,1,2,0,2,2,2,0,2,0
S238,1,0,2,0,1,1,1,1,1,1,0
S239,2,1,1,2,1,2,2,0,2,2,1
S240,2,1,2,2,2,0,2,2,2,1,2
S241,0,1,1,0,0,1,2,0,1,0,2
S242,0,1,2,0,0,1,0,1,2,0,0
S243,2,2,0,2,2,0,0,2,0,1,0
S244,1,0,2,0,0,0,1,1,0,2,0
S245,0,0,2,0,1,0,1,2,0,0,1
S246,2,2,2,0,2,1,2,2,2,2,2
S247,2,0,2,1,2,2,2,2,0,1,2
S248,2,1,1,2,0,1,2,2,2,2,0
S249,1,0,0,2,2,2,1,2,0,0,1
S250,2,1,2,1,0,1,0,0,1,2,1
S251,2,2,1,2,0,1,0,2,2,2,2
S252,2,0,0,0,0,0,2,2,2,1,1
S253,2,2,0,2,0,2,2,0,0,1,2
S254,0,0,0,0,0,1,2,0,2,1,2
S255,0,1,0,1,2,1,2,0,2,0,0
S256,2,2,2,0,1,0,1,0,1,0,2
S257,1,0,2,2,1,0,0,0,1,1,0
S258,0,1,1,2,2,2,2,0,0,1,2
S259,2,2,1,2,2,1,1,2,1,0,0
S260,0,2,1,1,1,2,2,2,0,0,1
S261,0,0,0,1,1,1,2,1,0,0,2
S262,1,0,0,2,1,2,0,2,0,0,2
S263,2,0,2,0,1,0,2,2,2,1,2
S264,2,1,0,1,1,1,0,0,1,0,1
S265,1,0,0,2,0,2,0,0,0,1,2
S266,1,2,0,2,2,0,0,2,1,2,1
S267,2,2,1,1,0,0,1,1,0,2,2
S268,2,0,1,1,1,2,1,0,1,0,0
S269,1,0,2,1,1,1,0,2,1,2,2
S270,0,2,0,0,1,1,2,2,0,2,2
S271,0,1,0,0,0,0,0,1,2,2,2
S272,1,0,2,2,0,1,2,1,1,0,0
S273,0,0,0,1,1,1,0,0,2,0,0
S274,1,2,0,0,0,1,2,1,2,2,2
S275,0,0,1,1,0,0,1,2,0,1,0
S276,0,1,2,2,1,2,2,2,0,2,2
S277,2,2,2,0,0,1,0,1,0,0,1
S278,2,0,2,0,2,0,1,1,1,0,0
S279,0,2,2,0,2,0,2,1,0,0,2
S280,0,0,1,2,2,2,2,1,0,2,2
S281,2,0,1,1,2,1,2,0,1,1,1
S282,2,0,0,0,1,1,2,1,1,0,1
S283,2,1,0,2,1,2,2,0,0,0,0
S284,1,1,0,1,1,2,1,2,0,2,2
S285,0,2,0,2,2,0,1,1,0,1,0
S286,2,0,1,1,2,0,1,0,0,2,2
S287,0,0,2,2,0,2,1,1,2,0,2
S288,1,1,1,1,0,1,0,2,2,1,0
S289,1,0,0,0,2,0,1,2,0,1,2
S290,2,1,1,1,2,0,2,2,2,0,1
S291,1,0,2,2,2,1,2,1,1,1,0
S292,0,2,2,2,2,0,1,1,2,1,2
S293,2,0,1,1,0,1,2,0,2,2,0
S294,0,0,1,0,2,1,1,2,0,0,0
S295,0,1,1,0,0,1,2,1,2,0,1
S296,1,0,0,1,2,2,0,2,2,0,1
S297,1,0,1,1,2,2,0,2,2,0,1
S298,1,1,1,2,2,2,1,0,2,0,2
S299,1,2,1,0,0,1,1,0,1,1,2
S300,1,2,2,1,0,1,1,0,0,2,2
S301,2,1,2,0,1,2,2,0,0,0,0
S302,0,1,0,1,2,0,1,2,1,2,0
S303,0,1,0,1,1,1,0,0,2,2,0
S304,0,1,2,0,1,0,2,0,1,1,0
S305,0,1,2,1,0,0,1,0,2,0,1
S306,1,2,2,1,0,1,2,0,1,1,0
S307,0,2,1,2,1,1,2,2,0,0,0
S308,2,1,1,1,2,0,1,0,0,1,0
S309,2,0,2,1,0,0,2,2,0,2,2
S310,0,1,1,1,2,2,0,1,2,0,2
S311,0,0,1,2,2,2,0,2,2,2,2
S312,2,1,0,0,1,1,2,2,1,2,2
S313,2,1,2,2,1,2,1,0,1,1,2
S314,1,2,2,2,1,2,2,1,0,0,1
S315,2,0,1,0,1,2,0,1,2,2,0
S316,1,0,2,2,0,2,2,1,1,1,2
S317,1,2,0,0,0,0,2,1,2,0,2
S318,1,2,0,2,1,1,0,2,2,0,2
S319,1,2,0,0,0,2,2,1,0,2,2
S320,1,2,2,1,1,0,2,2,0,0,1
S321,0,0,2,2,2,0,1,2,2,2,2
S322,2,0,2,2,2,0,1,2,2,0,2
S323,1,1,2,2,2,2,0,1,2,1,0
S324,2,1,2,2,1,2,0,0,2,2,2
S325,2,2,0,1,2,1,0,0,0,2,1
S326,1,2,1,2,0,2,1,1,1,0,2
S327,0,2,0,1,2,2,0,0,0,0,2
S328,1,1,2,1,2,0,0,0,1,2,0
S329,0,1,0,1,2,1,0,2,2,0,2
S330,2,1,2,1,0,2,1,2,1,1,0
S331,0,1,2,0,1,2,2,1,0,0,2
S332,0,1,0,0,0,0,0,1,0,1,1
S333,0,1,2,2,1,0,2,0,2,1,2
S334,2,1,1,0,1,2,0,2,0,1,0
S335,2,2,2,0,2,1,2,1,2,1,2
S336,0,2,1,2,1,1,1,1,0,1,0
S337,0,2,1,2,0,0,1,1,0,0,2
S338,1,2,2,2,0,0,0,1,2,1,2
S339,0,1,0,0,1,2,2,1,1,0,2
S340,1,0,1,0,2,0,1,1,0,1,2
S341,0,1,0,2,2,2,0,0,1,2,2
S342,1,0,1,1,0,1,0,2,0,1,0
S343,2,2,2,2,2,1,1,2,0,2,0
S344,0,1,2,1,1,2,1,1,0,1,1
S345,0,2,1,1,1,0,0,2,0,1,2
S346,0,1,2,2,0,1,2,2,1,1,2
S347,0,2,1,2,1,0,2,2,1,2,0
S348,1,0,2,2,0,1,2,1,0,2,2
S349,0,0,0,0,1,2,0,1,0,1,2
S350,2,0,2,1,0,2,1,2,1,0,2
S351,2,1,0,0,2,2,0,2,2,1,0
S352,0,0,2,0,1,1,1,1,2,2,0
S353,2,1,0,2,1,0,2,0,1,1,1
S354,0,0,2,0,0,0,2,2,0,2,2
S355,0,0,0,2,0,0,1,0,0,2,0
S356,2,1,1,1,1,1,1,2,2,2,1
S357,0,1,1,2,0,1,0,0,2,1,2
S358,2,0,0,0,1,1,2,0,1,2,2
S359,1,1,2,0,2,1,0,0,2,2,2
S360,0,0,0,2,0,1,0,1,1,1,0
S361,1,1,2,2,1,0,0,0,2,2,0
S362,2,2,1,0,2,1,2,0,2,1,2
S363,1,2,2,1,2,1,0,0,2,2,0
S364,1,2,1,1,1,0,0,2,0,0,0
S365,2,2,2,2,0,1,0,0,0,0,0
S366,1,2,2,1,1,0,0,2,0,2,0
S367,1,0,2,0,2,0,0,0,2,0,0
S368,2,2,0,2,1,2,0,0,1,1,0
S369,1,2,0,0,0,2,2,1,1,0,0
S370,2,2,1,0,2,2,0,2,1,2,0
S371,1,2,1,1,1,2,1,0,1,2,2
S372,2,1,0,2,0,1,0,2,0,1,1
S373,2,0,1,2,2,2,0,2,0,2,2
S374,1,2,0,1,0,0,2,1,2,1,0
S375,1,2,2,0,2,1,2,1,2,0,0
S376,1,2,1,0,1,2,1,1,1,0,2
S377,0,0,1,0,0,0,1,1,0,1,1
S378,0,1,0,0,2,1,2,1,1,1,1
S379,0,0,1,2,0,1,2,1,2,2,0
S380,2,1,1,2,0,2,0,1,2,0,2
S381,1,2,2,1,1,1,2,1,1,1,0
S382,2,2,1,1,0,0,1,0,2,0,1
S383,0,0,2,2,2,1,0,2,1,1,2
S384,1,0,0,2,2,0,1,1,0,0,1
S385,2,1,1,0,2,1,0,1,1,2,0
S386,1,1,2,0,2,2,2,2,0,0,0
S387,2,0,0,1,1,0,1,0,0,0,2
S388,1,1,1,2,0,1,0,2,2,0,0
S389,0,0,0,1,1,1,0,2,2,0,0
S390,0,1,1,2,0,1,2,1,2,0,0
S391,1,0,0,0,0,0,2,2,1,2,2
S392,2,0,0,1,0,0,2,2,1,1,0
S393,0,0,2,1,1,0,1,1,2,0,2
S394,0,1,0,2,0,2,0,1,1,2,1
S395,0,1,1,0,1,2,2,1,2,0,2
S396,1,1,1,1,2,0,1,1,1,0,2
S397,1,0,2,0,2,1,1,2,0,1,1
S398,2,1,1,1,0,2,1,2,0,0,0
S399,2,1,1,0,1,0,2,0,2,2,0
S400,2,0,1,2,2,1,2,0,1,2,0
S401,1,2,0,1,1,2,0,2,1,1,2
S402,1,0,0,1,1,1,0,0,0,0,0
S403,2,1,1,0,0,1,2,2,0,2,0
S404,2,0,2,0,2,1,1,0,2,0,0
S405,1,2,0,1,0,1,1,1,0,0,2
S406,2,0,2,2,0,2,1,0,2,0,0
S407,0,1,1,0,2,2,0,1,0,1,0
S408,1,2,1,0,2,2,1,1,0,0,0
S409,2,1,0,0,1,0,0,1,1,2,2
S410,1,2,1,1,2,2,0,1,0,0,2
S411,0,2,0,1,1,1,1,0,0,2,0
S412,1,0,1,1,1,2,1,2,2,0,0
S413,1,0,1,1,1,1,2,1,0,2,0
S414,1,1,0,2,2,0,2,0,2,2,0
S415,1,0,0,2,0,1,1,1,0,0,2
S416,0,0,0,1,1,1,0,0,0,0,2
S417,1,2,1,2,0,1,0,0,2,2,1
S418,1,0,1,0,0,0,0,0,1,1,2
S419,2,2,2,0,2,2,0,2,2,0,0
S420,1,2,0,0,0,2,0,0,2,1,2
S421,2,2,1,1,0,0,2,0,2,0,2
S422,0,1,1,0,2,1,1,2,1,0,0
S423,0,1,0,2,1,2,2,2,0,0,2
S424,0,1,2,1,0,0,0,0,2,0,0
S425,0,2,0,2,2,2,0,2,2,1,0
S426,2,1,2,0,0,0,0,1,1,0,0
S427,1,1,1,0,0,1,0,1,2,2,0
S428,0,0,2,0,1,2,1,2,0,2,2
S429,1,1,1,1,0,0,0,2,1,1,2
S430,2,1,0,2,2,2,1,0,0,0,2
S431,2,2,0,1,0,2,0,2,0,2,2
S432,2,2,0,1,1,2,1,0,1,1,2
S433,0,2,2,0,1,2,2,1,2,0,0
S434,1,2,1,1,2,0,0,2,0,2,1
S435,1,2,0,1,1,1,1,0,0,2,0
S436,1,2,0,0,0,0,2,0,0,1,2
S437,2,1,1,1,1,0,0,1,0,0,2
S438,0,2,0,0,2,0,0,2,1,0,0
S439,2,2,1,0,1,1,0,1,1,2,2
S440,2,0,1,0,1,2,1,0,0,2,2
S441,1,1,1,0,1,2,1,0,2,2,1
S442,2,1,1,1,2,2,2,2,0,0,0
S443,1,1,1,0,1,1,1,0,2,1,0
S444,0,2,2,0,1,2,1,2,0,1,0
S445,1,2,0,1,0,1,0,1,2,0,0
S446,0,2,2,1,2,2,0,2,0,1,0
S447,1,0,0,2,1,2,0,2,2,2,1
S448,2,2,2,1,2,0,0,0,0,1,0
S449,2,0,1,1,1,1,0,0,0,1,2
S450,0,1,0,2,1,0,0,2,2,1,1
S451,0,2,0,1,1,0,0,0,1,2,2
S452,0,0,2,1,0,0,2,0,2,0,0
S453,1,0,2,1,0,1,2,0,1,2,1
S454,1,2,0,1,0,1,2,2,0,0,2
S455,0,1,2,2,2,2,2,0,2,0,0
S456,2,1,2,1,2,0,0,2,2,0,0
S457,1,1,2,1,0,2,2,0,2,1,2
S458,1,0,1,2,2,0,0,1,1,1,0
S459,1,0,1,0,1,1,2,0,1,0,0
S460,0,0,2,2,1,1,1,0,0,0,0
S461,0,0,2,0,1,1,2,2,1,1,0
S462,0,1,1,2,0,0,2,2,1,2,1
S463,0,2,1,2,2,1,0,0,0,0,0
S464,0,0,0,1,0,0,2,1,2,2,2
S465,2,0,0,0,2,2,1,0,2,1,2
S466,2,1,1,1,1,0,0,0,0,0,2
S467,0,2,2,0,0,2,0,1,2,2,2
S468,1,2,2,2,2,0,2,2,1,2,2
S469,0,1,2,2,2,2,0,0,0,2,0
S470,2,1,2,0,1,1,0,2,0,1,2
S471,2,2,0,1,0,2,0,2,0,1,2
S472,1,0,1,1,0,1,0,1,2,2,2
S473,2,2,2,1,0,1,0,1,0,2,1
S474,0,1,0,1,1,2,0,2,0,1,0
S475,1,0,2,2,0,0,1,0,0,2,0
S476,0,0,1,2,1,0,2,2,2,2,2
S477,0,1,0,2,1,0,1,0,1,1,0
S478,1,1,1,2,1,0,0,0,0,2,2
S479,0,1,1,2,2,0,0,1,1,2,0
S480,2,2,0,1,0,1,2,0,2,2,0
S481,0,2,0,1,0,0,1,0,2,1,0
S482,1,0,0,1,1,1,2,2,2,2,0
S483,1,1,0,1,1,1,1,1,2,1,1
S484,1,0,0,2,0,1,0,0,1,1,0
S485,0,0,0,2,1,2,2,0,0,0,2
S486,1,0,0,2,0,2,2,1,2,0,1
S487,1,0,2,0,2,1,0,2,2,2,0
S488,0,1,1,1,1,2,2,1,1,1,2
S489,2,0,0,1,0,0,1,1,1,0,2
S490,0,1,2,2,1,0,1,0,2,2,2
S491,1,1,2,1,0,1,1,0,0,0,0
S492,1,2,2,1,0,0,1,2,0,0,2
S493,0,1,1,2,1,1,0,0,2,1,2
S494,2,2,0,0,2,1,2,0,1,1,0
S495,1,1,2,0,0,0,1,1,2,0,0
S496,1,1,1,0,0,2,0,0,2,0,1
S497,1,1,1,2,0,0,2,2,1,1,0
S498,0,2,1,1,2,0,2,1,2,2,2
S499,1,2,2,2,2,1,0,2,2,1,0
S500,2,0,0,2,1,1,0,1,2,0,2
